Workbook

Sheet Calculadora
B2: Calculadora de um triângulo
B4: Preencha somente as células amarelas. | G4: As respostas são calculadas automaticamente.
B6: Pontos do triângulo | G6: M — transformações do objeto
B7: Vértice | C7: x | D7: y | E7: z | G7: =IF(Matrizes!$C$107<>"OK","—",Matrizes!B67) -> 1 | H7: =IF(Matrizes!$C$107<>"OK","—",Matrizes!C67) -> -1.7320508 | I7: =IF(Matrizes!$C$107<>"OK","—",Matrizes!D67) -> 0 | J7: =IF(Matrizes!$C$107<>"OK","—",Matrizes!E67) -> 5.1961524
B8: A | C8: -2.5 | D8: -2.5 | E8: 2 | G8: =IF(Matrizes!$C$107<>"OK","—",Matrizes!B68) -> 1.7320508 | H8: =IF(Matrizes!$C$107<>"OK","—",Matrizes!C68) -> 1 | I8: =IF(Matrizes!$C$107<>"OK","—",Matrizes!D68) -> 0 | J8: =IF(Matrizes!$C$107<>"OK","—",Matrizes!E68) -> -0.57735027
B9: B | C9: 6 | D9: 9 | E9: 2 | G9: =IF(Matrizes!$C$107<>"OK","—",Matrizes!B69) -> 0 | H9: =IF(Matrizes!$C$107<>"OK","—",Matrizes!C69) -> 0 | I9: =IF(Matrizes!$C$107<>"OK","—",Matrizes!D69) -> 2 | J9: =IF(Matrizes!$C$107<>"OK","—",Matrizes!E69) -> -2
B10: C | C10: -2.5 | D10: 2.5 | E10: 2 | G10: =IF(Matrizes!$C$107<>"OK","—",Matrizes!B70) -> 0 | H10: =IF(Matrizes!$C$107<>"OK","—",Matrizes!C70) -> 0 | I10: =IF(Matrizes!$C$107<>"OK","—",Matrizes!D70) -> 0 | J10: =IF(Matrizes!$C$107<>"OK","—",Matrizes!E70) -> 1
B12: Rotação | G12: MVP — matriz final com câmera
B13: Eixo | C13: Z | G13: =IF(Matrizes!$C$107<>"OK","—",Matrizes!B101) -> -0.45612273 | H13: =IF(Matrizes!$C$107<>"OK","—",Matrizes!C101) -> 0.79002774 | I13: =IF(Matrizes!$C$107<>"OK","—",Matrizes!D101) -> -2.4326546 | J13: =IF(Matrizes!$C$107<>"OK","—",Matrizes!E101) -> 2.6472668
B14: Ângulo em graus | C14: 60 | G14: =IF(Matrizes!$C$107<>"OK","—",Matrizes!B102) -> -1.3207949 | H14: =IF(Matrizes!$C$107<>"OK","—",Matrizes!C102) -> 2.964824 | I14: =IF(Matrizes!$C$107<>"OK","—",Matrizes!D102) -> 1.2105039 | J14: =IF(Matrizes!$C$107<>"OK","—",Matrizes!E102) -> -10.875215
B15: Em relação à | C15: Centro | G15: =IF(Matrizes!$C$107<>"OK","—",Matrizes!B103) -> -1.9665447 | H15: =IF(Matrizes!$C$107<>"OK","—",Matrizes!C103) -> -0.90643128 | I15: =IF(Matrizes!$C$107<>"OK","—",Matrizes!D103) -> 0.074354942 | J15: =IF(Matrizes!$C$107<>"OK","—",Matrizes!E103) -> 32.710569
B16: Não pediu rotação? Deixe o eixo em Nenhuma. | G16: =IF(Matrizes!$C$107<>"OK","—",Matrizes!B104) -> -1.815272 | H16: =IF(Matrizes!$C$107<>"OK","—",Matrizes!C104) -> -0.83670579 | I16: =IF(Matrizes!$C$107<>"OK","—",Matrizes!D104) -> 0.068635331 | J16: =IF(Matrizes!$C$107<>"OK","—",Matrizes!E104) -> 32.117449
B18: Escala | G18: Pontos finais no mundo
B19: Fator | C19: 2 | G19: A | H19: B | I19: C
B20: Em relação à | C20: Centro | G20: =IF(Matrizes!$C$107<>"OK","—",Matrizes!G67) -> 7.0262794 | H20: =IF(Matrizes!$C$107<>"OK","—",Matrizes!H67) -> -4.3923048 | I20: =IF(Matrizes!$C$107<>"OK","—",Matrizes!I67) -> -1.6339746 | J20: x
B21: 1 = sem mudança | 2 = dobro | 0,5 = metade | G21: =IF(Matrizes!$C$107<>"OK","—",Matrizes!G68) -> -7.4074773 | H21: =IF(Matrizes!$C$107<>"OK","—",Matrizes!H68) -> 18.814955 | I21: =IF(Matrizes!$C$107<>"OK","—",Matrizes!I68) -> -2.4074773 | J21: y
G22: =IF(Matrizes!$C$107<>"OK","—",Matrizes!G69) -> 2 | H22: =IF(Matrizes!$C$107<>"OK","—",Matrizes!H69) -> 2 | I22: =IF(Matrizes!$C$107<>"OK","—",Matrizes!I69) -> 2 | J22: z
B23: Deslocamento | G23: =IF(Matrizes!$C$107<>"OK","—",Matrizes!G70) -> 1 | H23: =IF(Matrizes!$C$107<>"OK","—",Matrizes!H70) -> 1 | I23: =IF(Matrizes!$C$107<>"OK","—",Matrizes!I70) -> 1 | J23: w
C24: x | D24: y | E24: z
B25: Somar às coordenadas | C25: 0 | D25: 0 | E25: 0 | G25: Pontos normalizados em W
B26: Não pediu deslocamento? Deixe os três valores em 0. | G26: A | H26: B | I26: C
G27: =IF(Matrizes!$C$107<>"OK","—",IF(Matrizes!G104=0,"W = 0",Matrizes!G101/IF(Matrizes!G104=0,1,Matrizes!G104))) -> -0.078509226 | H27: =IF(Matrizes!$C$107<>"OK","—",IF(Matrizes!H104=0,"W = 0",Matrizes!H101/IF(Matrizes!H104=0,1,Matrizes!H104))) -> 0.15582392 | I27: =IF(Matrizes!$C$107<>"OK","—",IF(Matrizes!I104=0,"W = 0",Matrizes!I101/IF(Matrizes!I104=0,1,Matrizes!I104))) -> 0.02585892 | J27: x
B28: Câmera | G28: =IF(Matrizes!$C$107<>"OK","—",IF(Matrizes!G104=0,"W = 0",Matrizes!G102/IF(Matrizes!G104=0,1,Matrizes!G104))) -> -0.32311658 | H28: =IF(Matrizes!$C$107<>"OK","—",IF(Matrizes!H104=0,"W = 0",Matrizes!H102/IF(Matrizes!H104=0,1,Matrizes!H104))) -> 0.74493147 | I28: =IF(Matrizes!$C$107<>"OK","—",IF(Matrizes!I104=0,"W = 0",Matrizes!I102/IF(Matrizes!I104=0,1,Matrizes!I104))) -> 0.065122949 | J28: y
C29: x | D29: y | E29: z | G29: =IF(Matrizes!$C$107<>"OK","—",IF(Matrizes!G104=0,"W = 0",Matrizes!G103/IF(Matrizes!G104=0,1,Matrizes!G104))) -> 1.0297561 | H29: =IF(Matrizes!$C$107<>"OK","—",IF(Matrizes!H104=0,"W = 0",Matrizes!H103/IF(Matrizes!H104=0,1,Matrizes!H104))) -> 0.93272441 | I29: =IF(Matrizes!$C$107<>"OK","—",IF(Matrizes!I104=0,"W = 0",Matrizes!I103/IF(Matrizes!I104=0,1,Matrizes!I104))) -> 1.0232969 | J29: z
B30: Posição do olho | C30: 3 | D30: 32 | E30: 1 | G30: =IF(Matrizes!$C$107<>"OK","—",IF(Matrizes!G104=0,"W = 0",Matrizes!G104/IF(Matrizes!G104=0,1,Matrizes!G104))) -> 1 | H30: =IF(Matrizes!$C$107<>"OK","—",IF(Matrizes!H104=0,"W = 0",Matrizes!H104/IF(Matrizes!H104=0,1,Matrizes!H104))) -> 1 | I30: =IF(Matrizes!$C$107<>"OK","—",IF(Matrizes!I104=0,"W = 0",Matrizes!I104/IF(Matrizes!I104=0,1,Matrizes!I104))) -> 1 | J30: w
B31: Apontar para (target) | C31: Centro
B32: Target, se Manual | C32: 0 | D32: 0 | E32: 0
B33: Up vector | C33: 0 | D33: 1 | E33: 0 | G33: Visibilidade | K33: =HYPERLINK("#'Detalhes'!B2","ℹ") -> ℹ
B34: Centro = centro final do triângulo. Preencha o target manual somente se escolher Manual. | G34: =Matrizes!C123 -> Parcialmente no volume
B36: Projeção
B37: FOV em graus | C37: 60 | D37: Tipo | E37: Vertical | G37: Dentro: todo o triângulo no volume da câmera. Parcialmente: apenas uma parte. Fora: não aparece. Oclusão por outro objeto não é calculada.
B38: Largura da janela | C38: 800 | D38: Altura | E38: 600
B39: Near | C39: 1 | D39: Far | E39: 25
B40: Use os dados da câmera e da janela do enunciado. Se o FOV não disser horizontal ou vertical, confirme a convenção.
G41: Se precisar apresentar as contas, a aba Matrizes mostra rotação, escala, deslocamento, View, Projection e os produtos intermediários. A configuração continua toda nesta aba.
B43: Ordem usada: rotação, escala e deslocamento. Centro mantém o próprio centro fixo durante a transformação; Origem usa (0,0,0).

Sheet Matrizes
B2: Matrizes intermediárias
B4: Preenchimento pela aba Calculadora. Vetores-coluna; projeção OpenGL.
B6: Pontos iniciais | G6: Centro inicial
B7: A | C7: B | D7: C
B8: =Calculadora!C8 -> -2.5 | C8: =Calculadora!C9 -> 6 | D8: =Calculadora!C10 -> -2.5 | G8: =SUM(B8:D8)/3 -> 0.33333333
B9: =Calculadora!D8 -> -2.5 | C9: =Calculadora!D9 -> 9 | D9: =Calculadora!D10 -> 2.5 | G9: =SUM(B9:D9)/3 -> 3
B10: =Calculadora!E8 -> 2 | C10: =Calculadora!E9 -> 2 | D10: =Calculadora!E10 -> 2 | G10: =SUM(B10:D10)/3 -> 2
B11: =1 -> 1 | C11: =1 -> 1 | D11: =1 -> 1 | G11: =1 -> 1
B14: R — rotação na origem | G14: Pivô da rotação
B15: =IF(Calculadora!$C$13="Nenhuma",1,IF(Calculadora!$C$13="X",1,IF(Calculadora!$C$13="Y",COS(Calculadora!$C$14*PI()/180),COS(Calculadora!$C$14*PI()/180)))) -> 0.5 | C15: =IF(Calculadora!$C$13="Nenhuma",0,IF(Calculadora!$C$13="X",0,IF(Calculadora!$C$13="Y",0,-SIN(Calculadora!$C$14*PI()/180)))) -> -0.8660254 | D15: =IF(Calculadora!$C$13="Nenhuma",0,IF(Calculadora!$C$13="X",0,IF(Calculadora!$C$13="Y",SIN(Calculadora!$C$14*PI()/180),0))) -> 0 | E15: =0 -> 0 | G15: =IF(Calculadora!C15="Centro",G8,0) -> 0.33333333
B16: =IF(Calculadora!$C$13="Nenhuma",0,IF(Calculadora!$C$13="X",0,IF(Calculadora!$C$13="Y",0,SIN(Calculadora!$C$14*PI()/180)))) -> 0.8660254 | C16: =IF(Calculadora!$C$13="Nenhuma",1,IF(Calculadora!$C$13="X",COS(Calculadora!$C$14*PI()/180),IF(Calculadora!$C$13="Y",1,COS(Calculadora!$C$14*PI()/180)))) -> 0.5 | D16: =IF(Calculadora!$C$13="Nenhuma",0,IF(Calculadora!$C$13="X",-SIN(Calculadora!$C$14*PI()/180),IF(Calculadora!$C$13="Y",0,0))) -> 0 | E16: =0 -> 0 | G16: =IF(Calculadora!C15="Centro",G9,0) -> 3
B17: =IF(Calculadora!$C$13="Nenhuma",0,IF(Calculadora!$C$13="X",0,IF(Calculadora!$C$13="Y",-SIN(Calculadora!$C$14*PI()/180),0))) -> 0 | C17: =IF(Calculadora!$C$13="Nenhuma",0,IF(Calculadora!$C$13="X",SIN(Calculadora!$C$14*PI()/180),IF(Calculadora!$C$13="Y",0,0))) -> 0 | D17: =IF(Calculadora!$C$13="Nenhuma",1,IF(Calculadora!$C$13="X",COS(Calculadora!$C$14*PI()/180),IF(Calculadora!$C$13="Y",COS(Calculadora!$C$14*PI()/180),1))) -> 1 | E17: =0 -> 0 | G17: =IF(Calculadora!C15="Centro",G10,0) -> 2
B18: =0 -> 0 | C18: =0 -> 0 | D18: =0 -> 0 | E18: =1 -> 1
B21: T(−centro da rotação) | G21: T(+centro da rotação)
B22: =1 -> 1 | C22: =0 -> 0 | D22: =0 -> 0 | E22: =-1*G15 -> -0.33333333 | G22: =1 -> 1 | H22: =0 -> 0 | I22: =0 -> 0 | J22: =1*G15 -> 0.33333333
B23: =0 -> 0 | C23: =1 -> 1 | D23: =0 -> 0 | E23: =-1*G16 -> -3 | G23: =0 -> 0 | H23: =1 -> 1 | I23: =0 -> 0 | J23: =1*G16 -> 3
B24: =0 -> 0 | C24: =0 -> 0 | D24: =1 -> 1 | E24: =-1*G17 -> -2 | G24: =0 -> 0 | H24: =0 -> 0 | I24: =1 -> 1 | J24: =1*G17 -> 2
B25: =0 -> 0 | C25: =0 -> 0 | D25: =0 -> 0 | E25: =1 -> 1 | G25: =0 -> 0 | H25: =0 -> 0 | I25: =0 -> 0 | J25: =1 -> 1
B28: MR — rotação com pivô | G28: Pontos após rotação
B29: =B15 -> 0.5 | C29: =C15 -> -0.8660254 | D29: =D15 -> 0 | E29: =G15-B15*G15-C15*G16-D15*G17 -> 2.7647429 | G29: =B29*B8+C29*B9+D29*B10+E29*B11 -> 3.6798064 | H29: =B29*C8+C29*C9+D29*C10+E29*C11 -> -2.0294858 | I29: =B29*D8+C29*D9+D29*D10+E29*D11 -> -0.65032063
B30: =B16 -> 0.8660254 | C30: =C16 -> 0.5 | D30: =D16 -> 0 | E30: =G16-B16*G15-C16*G16-D16*G17 -> 1.2113249 | G30: =B30*B8+C30*B9+D30*B10+E30*B11 -> -2.2037386 | H30: =B30*C8+C30*C9+D30*C10+E30*C11 -> 10.907477 | I30: =B30*D8+C30*D9+D30*D10+E30*D11 -> 0.29626136
B31: =B17 -> 0 | C31: =C17 -> 0 | D31: =D17 -> 1 | E31: =G17-B17*G15-C17*G16-D17*G17 -> 0 | G31: =B31*B8+C31*B9+D31*B10+E31*B11 -> 2 | H31: =B31*C8+C31*C9+D31*C10+E31*C11 -> 2 | I31: =B31*D8+C31*D9+D31*D10+E31*D11 -> 2
B32: =0 -> 0 | C32: =0 -> 0 | D32: =0 -> 0 | E32: =1 -> 1 | G32: =B32*B8+C32*B9+D32*B10+E32*B11 -> 1 | H32: =B32*C8+C32*C9+D32*C10+E32*C11 -> 1 | I32: =B32*D8+C32*D9+D32*D10+E32*D11 -> 1
G35: Centro após rotação
G36: =SUM(G29:I29)/3 -> 0.33333333 | H36: =SUM(G30:I30)/3 -> 3 | I36: =SUM(G31:I31)/3 -> 2
B38: S — escala na origem | G38: Pivô da escala
B39: =Calculadora!C19 -> 2 | C39: =0 -> 0 | D39: =0 -> 0 | E39: =0 -> 0 | G39: =IF(Calculadora!C20="Centro",G36,0) -> 0.33333333
B40: =0 -> 0 | C40: =Calculadora!C19 -> 2 | D40: =0 -> 0 | E40: =0 -> 0 | G40: =IF(Calculadora!C20="Centro",H36,0) -> 3
B41: =0 -> 0 | C41: =0 -> 0 | D41: =Calculadora!C19 -> 2 | E41: =0 -> 0 | G41: =IF(Calculadora!C20="Centro",I36,0) -> 2
B42: =0 -> 0 | C42: =0 -> 0 | D42: =0 -> 0 | E42: =1 -> 1
B45: T(−centro da escala) | G45: T(+centro da escala)
B46: =1 -> 1 | C46: =0 -> 0 | D46: =0 -> 0 | E46: =-1*G39 -> -0.33333333 | G46: =1 -> 1 | H46: =0 -> 0 | I46: =0 -> 0 | J46: =1*G39 -> 0.33333333
B47: =0 -> 0 | C47: =1 -> 1 | D47: =0 -> 0 | E47: =-1*G40 -> -3 | G47: =0 -> 0 | H47: =1 -> 1 | I47: =0 -> 0 | J47: =1*G40 -> 3
B48: =0 -> 0 | C48: =0 -> 0 | D48: =1 -> 1 | E48: =-1*G41 -> -2 | G48: =0 -> 0 | H48: =0 -> 0 | I48: =1 -> 1 | J48: =1*G41 -> 2
B49: =0 -> 0 | C49: =0 -> 0 | D49: =0 -> 0 | E49: =1 -> 1 | G49: =0 -> 0 | H49: =0 -> 0 | I49: =0 -> 0 | J49: =1 -> 1
B52: MS — escala com pivô | G52: Pontos após escala
B53: =B39 -> 2 | C53: =C39 -> 0 | D53: =D39 -> 0 | E53: =G39*(1-Calculadora!C19) -> -0.33333333 | G53: =B53*G29+C53*G30+D53*G31+E53*G32 -> 7.0262794 | H53: =B53*H29+C53*H30+D53*H31+E53*H32 -> -4.3923048 | I53: =B53*I29+C53*I30+D53*I31+E53*I32 -> -1.6339746
B54: =B40 -> 0 | C54: =C40 -> 2 | D54: =D40 -> 0 | E54: =G40*(1-Calculadora!C19) -> -3 | G54: =B54*G29+C54*G30+D54*G31+E54*G32 -> -7.4074773 | H54: =B54*H29+C54*H30+D54*H31+E54*H32 -> 18.814955 | I54: =B54*I29+C54*I30+D54*I31+E54*I32 -> -2.4074773
B55: =B41 -> 0 | C55: =C41 -> 0 | D55: =D41 -> 2 | E55: =G41*(1-Calculadora!C19) -> -2 | G55: =B55*G29+C55*G30+D55*G31+E55*G32 -> 2 | H55: =B55*H29+C55*H30+D55*H31+E55*H32 -> 2 | I55: =B55*I29+C55*I30+D55*I31+E55*I32 -> 2
B56: =0 -> 0 | C56: =0 -> 0 | D56: =0 -> 0 | E56: =1 -> 1 | G56: =B56*G29+C56*G30+D56*G31+E56*G32 -> 1 | H56: =B56*H29+C56*H30+D56*H31+E56*H32 -> 1 | I56: =B56*I29+C56*I30+D56*I31+E56*I32 -> 1
B59: MS · MR | G59: T — deslocamento
B60: =B53*B29+C53*B30+D53*B31+E53*B32 -> 1 | C60: =B53*C29+C53*C30+D53*C31+E53*C32 -> -1.7320508 | D60: =B53*D29+C53*D30+D53*D31+E53*D32 -> 0 | E60: =B53*E29+C53*E30+D53*E31+E53*E32 -> 5.1961524 | G60: =1 -> 1 | H60: =0 -> 0 | I60: =0 -> 0 | J60: =1*Calculadora!C25 -> 0
B61: =B54*B29+C54*B30+D54*B31+E54*B32 -> 1.7320508 | C61: =B54*C29+C54*C30+D54*C31+E54*C32 -> 1 | D61: =B54*D29+C54*D30+D54*D31+E54*D32 -> 0 | E61: =B54*E29+C54*E30+D54*E31+E54*E32 -> -0.57735027 | G61: =0 -> 0 | H61: =1 -> 1 | I61: =0 -> 0 | J61: =1*Calculadora!D25 -> 0
B62: =B55*B29+C55*B30+D55*B31+E55*B32 -> 0 | C62: =B55*C29+C55*C30+D55*C31+E55*C32 -> 0 | D62: =B55*D29+C55*D30+D55*D31+E55*D32 -> 2 | E62: =B55*E29+C55*E30+D55*E31+E55*E32 -> -2 | G62: =0 -> 0 | H62: =0 -> 0 | I62: =1 -> 1 | J62: =1*Calculadora!E25 -> 0
B63: =B56*B29+C56*B30+D56*B31+E56*B32 -> 0 | C63: =B56*C29+C56*C30+D56*C31+E56*C32 -> 0 | D63: =B56*D29+C56*D30+D56*D31+E56*D32 -> 0 | E63: =B56*E29+C56*E30+D56*E31+E56*E32 -> 1 | G63: =0 -> 0 | H63: =0 -> 0 | I63: =0 -> 0 | J63: =1 -> 1
B66: M = T · MS · MR | G66: Pontos finais no mundo
B67: =G60*B60+H60*B61+I60*B62+J60*B63 -> 1 | C67: =G60*C60+H60*C61+I60*C62+J60*C63 -> -1.7320508 | D67: =G60*D60+H60*D61+I60*D62+J60*D63 -> 0 | E67: =G60*E60+H60*E61+I60*E62+J60*E63 -> 5.1961524 | G67: =B67*B8+C67*B9+D67*B10+E67*B11 -> 7.0262794 | H67: =B67*C8+C67*C9+D67*C10+E67*C11 -> -4.3923048 | I67: =B67*D8+C67*D9+D67*D10+E67*D11 -> -1.6339746
B68: =G61*B60+H61*B61+I61*B62+J61*B63 -> 1.7320508 | C68: =G61*C60+H61*C61+I61*C62+J61*C63 -> 1 | D68: =G61*D60+H61*D61+I61*D62+J61*D63 -> 0 | E68: =G61*E60+H61*E61+I61*E62+J61*E63 -> -0.57735027 | G68: =B68*B8+C68*B9+D68*B10+E68*B11 -> -7.4074773 | H68: =B68*C8+C68*C9+D68*C10+E68*C11 -> 18.814955 | I68: =B68*D8+C68*D9+D68*D10+E68*D11 -> -2.4074773
B69: =G62*B60+H62*B61+I62*B62+J62*B63 -> 0 | C69: =G62*C60+H62*C61+I62*C62+J62*C63 -> 0 | D69: =G62*D60+H62*D61+I62*D62+J62*D63 -> 2 | E69: =G62*E60+H62*E61+I62*E62+J62*E63 -> -2 | G69: =B69*B8+C69*B9+D69*B10+E69*B11 -> 2 | H69: =B69*C8+C69*C9+D69*C10+E69*C11 -> 2 | I69: =B69*D8+C69*D9+D69*D10+E69*D11 -> 2
B70: =G63*B60+H63*B61+I63*B62+J63*B63 -> 0 | C70: =G63*C60+H63*C61+I63*C62+J63*C63 -> 0 | D70: =G63*D60+H63*D61+I63*D62+J63*D63 -> 0 | E70: =G63*E60+H63*E61+I63*E62+J63*E63 -> 1 | G70: =B70*B8+C70*B9+D70*B10+E70*B11 -> 1 | H70: =B70*C8+C70*C9+D70*C10+E70*C11 -> 1 | I70: =B70*D8+C70*D9+D70*D10+E70*D11 -> 1
B73: Olho | G73: Target utilizado
B74: =Calculadora!C30 -> 3 | G74: =IF(Calculadora!C31="Origem",0,IF(Calculadora!C31="Centro",SUM(G67:I67)/3,Calculadora!C32)) -> 0.33333333
B75: =Calculadora!D30 -> 32 | G75: =IF(Calculadora!C31="Origem",0,IF(Calculadora!C31="Centro",SUM(G68:I68)/3,Calculadora!D32)) -> 3
B76: =Calculadora!E30 -> 1 | G76: =IF(Calculadora!C31="Origem",0,IF(Calculadora!C31="Centro",SUM(G69:I69)/3,Calculadora!E32)) -> 2
B79: f — direção unitária | G79: s — direita unitária
B80: =IF(B84=0,0,(G74-B74)/IF(B84=0,1,B84)) -> -0.091513775 | G80: =IF(G84=0,0,(B81*Calculadora!E33-B82*Calculadora!D33)/IF(G84=0,1,G84)) -> -0.35112344
B81: =IF(B84=0,0,(G75-B75)/IF(B84=0,1,B84)) -> -0.9952123 | G81: =IF(G84=0,0,(B82*Calculadora!C33-B80*Calculadora!E33)/IF(G84=0,1,G84)) -> 0
B82: =IF(B84=0,0,(G76-B76)/IF(B84=0,1,B84)) -> 0.034317666 | G82: =IF(G84=0,0,(B80*Calculadora!D33-B81*Calculadora!C33)/IF(G84=0,1,G84)) -> -0.93632918
B84: =SQRT((G74-B74)^2+(G75-B75)^2+(G76-B76)^2) -> 29.139511 | G84: =SQRT((B81*Calculadora!E33-B82*Calculadora!D33)^2+(B82*Calculadora!C33-B80*Calculadora!E33)^2+(B80*Calculadora!D33-B81*Calculadora!C33)^2) -> 0.097736754
B86: u — Up corrigido | G86: V — câmera (View)
B87: =G81*B82-G82*B81 -> -0.93184632 | G87: =G80 -> -0.35112344 | H87: =G81 -> 0 | I87: =G82 -> -0.93632918 | J87: =-(G80)*B74-(G81)*B75-(G82)*B76 -> 1.9896995
B88: =G82*B80-G80*B82 -> 0.097736754 | G88: =B87 -> -0.93184632 | H88: =B88 -> 0.097736754 | I88: =B89 -> 0.34944237 | J88: =-(B87)*B74-(B88)*B75-(B89)*B76 -> -0.68147956
B89: =G80*B81-G81*B80 -> 0.34944237 | G89: =-B80 -> 0.091513775 | H89: =-B81 -> 0.9952123 | I89: =-B82 -> -0.034317666 | J89: =-(-B80)*B74-(-B81)*B75-(-B82)*B76 -> -32.087017
G90: =0 -> 0 | H90: =0 -> 0 | I90: =0 -> 0 | J90: =1 -> 1
B93: P — perspectiva | G93: MV = V · M
B94: =IF(OR(Calculadora!C37<=0,Calculadora!C37>=180,Calculadora!E38<=0,Calculadora!C38<=0),0,IF(Calculadora!E37="Horizontal",1/TAN(Calculadora!C37*PI()/360),(1/TAN(Calculadora!C37*PI()/360))/(Calculadora!C38/Calculadora!E38))) -> 1.2990381 | C94: =0 -> 0 | D94: =0 -> 0 | E94: =0 -> 0 | G94: =G87*B67+H87*B68+I87*B69+J87*B70 -> -0.35112344 | H94: =G87*C67+H87*C68+I87*C69+J87*C70 -> 0.60816364 | I94: =G87*D67+H87*D68+I87*D69+J87*D70 -> -1.8726584 | J94: =G87*E67+H87*E68+I87*E69+J87*E70 -> 2.0378669
B95: =0 -> 0 | C95: =IF(OR(Calculadora!C37<=0,Calculadora!C37>=180,Calculadora!E38<=0,Calculadora!C38<=0),0,IF(Calculadora!E37="Vertical",1/TAN(Calculadora!C37*PI()/360),(1/TAN(Calculadora!C37*PI()/360))*(Calculadora!C38/Calculadora!E38))) -> 1.7320508 | D95: =0 -> 0 | E95: =0 -> 0 | G95: =G88*B67+H88*B68+I88*B69+J88*B70 -> -0.76256129 | H95: =G88*C67+H88*C68+I88*C69+J88*C70 -> 1.7117419 | I95: =G88*D67+H88*D68+I88*D69+J88*D70 -> 0.69888474 | J95: =G88*E67+H88*E68+I88*E69+J88*E70 -> -6.2788081
B96: =0 -> 0 | C96: =0 -> 0 | D96: =IF(Calculadora!E39=Calculadora!C39,0,-(Calculadora!E39+Calculadora!C39)/IF(Calculadora!E39=Calculadora!C39,1,Calculadora!E39-Calculadora!C39)) -> -1.0833333 | E96: =IF(Calculadora!E39=Calculadora!C39,0,-2*Calculadora!E39*Calculadora!C39/IF(Calculadora!E39=Calculadora!C39,1,Calculadora!E39-Calculadora!C39)) -> -2.0833333 | G96: =G89*B67+H89*B68+I89*B69+J89*B70 -> 1.815272 | H96: =G89*C67+H89*C68+I89*C69+J89*C70 -> 0.83670579 | I96: =G89*D67+H89*D68+I89*D69+J89*D70 -> -0.068635331 | J96: =G89*E67+H89*E68+I89*E69+J89*E70 -> -32.117449
B97: =0 -> 0 | C97: =0 -> 0 | D97: =-1 -> -1 | E97: =0 -> 0 | G97: =G90*B67+H90*B68+I90*B69+J90*B70 -> 0 | H97: =G90*C67+H90*C68+I90*C69+J90*C70 -> 0 | I97: =G90*D67+H90*D68+I90*D69+J90*D70 -> 0 | J97: =G90*E67+H90*E68+I90*E69+J90*E70 -> 1
B100: MVP = P · V · M | G100: Pontos em clip
B101: =B94*G94+C94*G95+D94*G96+E94*G97 -> -0.45612273 | C101: =B94*H94+C94*H95+D94*H96+E94*H97 -> 0.79002774 | D101: =B94*I94+C94*I95+D94*I96+E94*I97 -> -2.4326546 | E101: =B94*J94+C94*J95+D94*J96+E94*J97 -> 2.6472668 | G101: =B101*B8+C101*B9+D101*B10+E101*B11 -> -3.0528049 | H101: =B101*C8+C101*C9+D101*C10+E101*C11 -> 2.155471 | I101: =B101*D8+C101*D9+D101*D10+E101*D11 -> 0.89733386
B102: =B95*G94+C95*G95+D95*G96+E95*G97 -> -1.3207949 | C102: =B95*H94+C95*H95+D95*H96+E95*H97 -> 2.964824 | D102: =B95*I94+C95*I95+D95*I96+E95*I97 -> 1.2105039 | E102: =B95*J94+C95*J95+D95*J96+E95*J97 -> -10.875215 | G102: =B102*B8+C102*B9+D102*B10+E102*B11 -> -12.56428 | H102: =B102*C8+C102*C9+D102*C10+E102*C11 -> 10.304439 | I102: =B102*D8+C102*D9+D102*D10+E102*D11 -> 2.2598402
B103: =B96*G94+C96*G95+D96*G96+E96*G97 -> -1.9665447 | C103: =B96*H94+C96*H95+D96*H96+E96*H97 -> -0.90643128 | D103: =B96*I94+C96*I95+D96*I96+E96*I97 -> 0.074354942 | E103: =B96*J94+C96*J95+D96*J96+E96*J97 -> 32.710569 | G103: =B103*B8+C103*B9+D103*B10+E103*B11 -> 40.041719 | H103: =B103*C8+C103*C9+D103*C10+E103*C11 -> 12.902129 | I103: =B103*D8+C103*D9+D103*D10+E103*D11 -> 35.509563
B104: =B97*G94+C97*G95+D97*G96+E97*G97 -> -1.815272 | C104: =B97*H94+C97*H95+D97*H96+E97*H97 -> -0.83670579 | D104: =B97*I94+C97*I95+D97*I96+E97*I97 -> 0.068635331 | E104: =B97*J94+C97*J95+D97*J96+E97*J97 -> 32.117449 | G104: =B104*B8+C104*B9+D104*B10+E104*B11 -> 38.884664 | H104: =B104*C8+C104*C9+D104*C10+E104*C11 -> 13.832735 | I104: =B104*D8+C104*D9+D104*D10+E104*D11 -> 34.701135
B107: Validade | C107: =IF(COUNT(Calculadora!C8:E10)<>9,"Preencha os três vértices",IF(COUNT(Calculadora!C14,Calculadora!C19,Calculadora!C25:E25,Calculadora!C30:E30,Calculadora!C32:E33,Calculadora!C37,Calculadora!C38,Calculadora!E38,Calculadora!C39,Calculadora!E39)<>19,"Preencha as configurações",IF(OR(Calculadora!C37<=0,Calculadora!C37>=180,Calculadora!C38<=0,Calculadora!E38<=0,Calculadora!C39<=0,Calculadora!E39<=Calculadora!C39),"Confira FOV, janela e planos",IF(B84=0,"Olho igual ao target",IF(G84=0,"Up nulo ou paralelo à câmera","OK"))))) -> OK
B109: A ordem aplicada é M = T · MS · MR; o fator mais à direita atua primeiro.
B110: Near > 0; Far > Near; FOV entre 0° e 180°. NDC usa o intervalo [−1, 1].
B113: Visibilidade — recorte do triângulo inteiro
B115: Condição | C115: A | D115: B | E115: C
B116: x + w | C116: =G104+G101 -> 35.831859 | D116: =H104+H101 -> 15.988206 | E116: =I104+I101 -> 35.598469
B117: w − x | C117: =G104-G101 -> 41.937469 | D117: =H104-H101 -> 11.677264 | E117: =I104-I101 -> 33.803801
B118: y + w | C118: =G104+G102 -> 26.320384 | D118: =H104+H102 -> 24.137174 | E118: =I104+I102 -> 36.960975
B119: w − y | C119: =G104-G102 -> 51.448943 | D119: =H104-H102 -> 3.5282954 | E119: =I104-I102 -> 32.441295
B120: z + w | C120: =G104+G103 -> 78.926383 | D120: =H104+H103 -> 26.734864 | E120: =I104+I103 -> 70.210698
B121: w − z | C121: =G104-G103 -> -1.1570553 | D121: =H104-H103 -> 0.93060543 | E121: =I104-I103 -> -0.80842791
B123: Estado | C123: =IF(C107<>"OK",C107,IF(MIN(C116:E121)>=-0.000000001,"Dentro do volume",IF(SUM(O138:O173)>0,"Parcialmente no volume","Fora do volume"))) -> Parcialmente no volume
B126: Limite | C126: a | D126: b | E126: c
B127: u ≥ 0 | C127: 1 | D127: 0 | E127: 0
B128: v ≥ 0 | C128: 0 | D128: 1 | E128: 0
B129: u + v ≤ 1 | C129: -1 | D129: -1 | E129: 1
B130: Plano 1 | C130: =D116-C116 -> -19.843653 | D130: =E116-C116 -> -0.23339026 | E130: =C116 -> 35.831859
B131: Plano 2 | C131: =D117-C117 -> -30.260205 | D131: =E117-C117 -> -8.1336677 | E131: =C117 -> 41.937469
B132: Plano 3 | C132: =D118-C118 -> -2.18321 | D132: =E118-C118 -> 10.640591 | E132: =C118 -> 26.320384
B133: Plano 4 | C133: =D119-C119 -> -47.920648 | D133: =E119-C119 -> -19.007649 | E133: =C119 -> 51.448943
B134: Plano 5 | C134: =D120-C120 -> -52.191519 | D134: =E120-C120 -> -8.7156854 | E134: =C120 -> 78.926383
B135: Plano 6 | C135: =D121-C121 -> 2.0876608 | D135: =E121-C121 -> 0.34862741 | E135: =C121 -> -1.1570553
B137: Par | C137: Det. | D137: u | E137: v | F137: Limite 1 | G137: Limite 2 | H137: Limite 3 | I137: Limite 4 | J137: Limite 5 | K137: Limite 6 | L137: Limite 7 | M137: Limite 8 | N137: Limite 9 | O137: Viável
B138: 1 / 2 | C138: =C127*D128-C128*D127 -> 1 | D138: =(D127*E128-D128*E127)/IF(OR(C138=0,ABS(C138)<0.00000001),1,C138) -> 0 | E138: =(E127*C128-E128*C127)/IF(OR(C138=0,ABS(C138)<0.00000001),1,C138) -> 0 | F138: =$C$127*D138+$D$127*E138+$E$127 -> 0 | G138: =$C$128*D138+$D$128*E138+$E$128 -> 0 | H138: =$C$129*D138+$D$129*E138+$E$129 -> 1 | I138: =$C$130*D138+$D$130*E138+$E$130 -> 35.831859 | J138: =$C$131*D138+$D$131*E138+$E$131 -> 41.937469 | K138: =$C$132*D138+$D$132*E138+$E$132 -> 26.320384 | L138: =$C$133*D138+$D$133*E138+$E$133 -> 51.448943 | M138: =$C$134*D138+$D$134*E138+$E$134 -> 78.926383 | N138: =$C$135*D138+$D$135*E138+$E$135 -> -1.1570553 | O138: =IF(AND(C138<>0,ABS(C138)>=0.00000001,MIN(F138:N138)>=-0.000000001),1,0) -> 0
B139: 1 / 3 | C139: =C127*D129-C129*D127 -> -1 | D139: =(D127*E129-D129*E127)/IF(OR(C139=0,ABS(C139)<0.00000001),1,C139) -> 0 | E139: =(E127*C129-E129*C127)/IF(OR(C139=0,ABS(C139)<0.00000001),1,C139) -> 1 | F139: =$C$127*D139+$D$127*E139+$E$127 -> 0 | G139: =$C$128*D139+$D$128*E139+$E$128 -> 1 | H139: =$C$129*D139+$D$129*E139+$E$129 -> 0 | I139: =$C$130*D139+$D$130*E139+$E$130 -> 35.598469 | J139: =$C$131*D139+$D$131*E139+$E$131 -> 33.803801 | K139: =$C$132*D139+$D$132*E139+$E$132 -> 36.960975 | L139: =$C$133*D139+$D$133*E139+$E$133 -> 32.441295 | M139: =$C$134*D139+$D$134*E139+$E$134 -> 70.210698 | N139: =$C$135*D139+$D$135*E139+$E$135 -> -0.80842791 | O139: =IF(AND(C139<>0,ABS(C139)>=0.00000001,MIN(F139:N139)>=-0.000000001),1,0) -> 0
B140: 1 / 4 | C140: =C127*D130-C130*D127 -> -0.23339026 | D140: =(D127*E130-D130*E127)/IF(OR(C140=0,ABS(C140)<0.00000001),1,C140) -> 0 | E140: =(E127*C130-E130*C127)/IF(OR(C140=0,ABS(C140)<0.00000001),1,C140) -> 153.52766 | F140: =$C$127*D140+$D$127*E140+$E$127 -> 0 | G140: =$C$128*D140+$D$128*E140+$E$128 -> 153.52766 | H140: =$C$129*D140+$D$129*E140+$E$129 -> -152.52766 | I140: =$C$130*D140+$D$130*E140+$E$130 -> 0 | J140: =$C$131*D140+$D$131*E140+$E$131 -> -1206.8055 | K140: =$C$132*D140+$D$132*E140+$E$132 -> 1659.9454 | L140: =$C$133*D140+$D$133*E140+$E$133 -> -2866.7508 | M140: =$C$134*D140+$D$134*E140+$E$134 -> -1259.1724 | N140: =$C$135*D140+$D$135*E140+$E$135 -> 52.366895 | O140: =IF(AND(C140<>0,ABS(C140)>=0.00000001,MIN(F140:N140)>=-0.000000001),1,0) -> 0
...

Sheet Detalhes
B2: Por que essa visibilidade?
B4: =HYPERLINK("#'Calculadora'!G33","Voltar à calculadora") -> Voltar à calculadora
B6: =Calculadora!G34 -> Parcialmente no volume
B8: =IF(Matrizes!$C$107<>"OK","Preencha os dados válidos para ver a explicação. "&Matrizes!C107,IF(B6="Dentro do volume","O triângulo inteiro está dentro dos seis limites da câmera. Ele cabe no enquadramento e fica entre o Near e o Far.",IF(B6="Parcialmente no volume","Uma parte do triângulo está dentro e será mantida; a parte que ultrapassa os limites será cortada. Há vértices fora nestas direções: "&IF(G15>0,"esquerda; ","")&IF(G16>0,"direita; ","")&IF(G17>0,"abaixo; ","")&IF(G18>0,"acima; ","")&IF(G19>0,"antes do Near; ","")&IF(G20>0,"além do Far; ","")&"Veja quais vértices na tabela.",IF(MAX(Matrizes!G104:I104)<=0,"O triângulo inteiro está atrás da câmera ou no plano do olho. A câmera olha para o outro lado; por isso, ele não aparece.",IF(G20=3,"O triângulo inteiro ultrapassou o Far = "&Calculadora!E39&". O Z normalizado deveria ser no máximo 1, mas ficou A = "&ROUND(D20,6)&", B = "&ROUND(E20,6)&" e C = "&ROUND(F20,6)&". Como os três valores são maiores que 1, o triângulo inteiro fica fora do volume.",IF(G19=3,"O triângulo inteiro está antes do Near = "&Calculadora!C39&". As profundidades são "&"A = "&ROUND(Matrizes!G104,3)&", B = "&ROUND(Matrizes!H104,3)&" e C = "&ROUND(Matrizes!I104,3)&". Os três valores ficam abaixo do mínimo; por isso, nenhuma parte do triângulo aparece.",IF(MAX(G15:G20)=3,"O triângulo inteiro está fora do enquadramento: os três vértices ficam "&IF(G15=3,"esquerda; ","")&IF(G16=3,"direita; ","")&IF(G17=3,"abaixo; ","")&IF(G18=3,"acima; ","")&IF(G19=3,"antes do Near; ","")&IF(G20=3,"além do Far; ","")&"Nenhuma parte permanece dentro da área vista pela câmera.","O triângulo passa por fora do volume da câmera. Mesmo testando suas arestas e seu interior, nenhuma parte fica dentro dos seis limites ao mesmo tempo."))))))) -> Uma parte do triângulo está dentro e será mantida; a parte que ultrapassa os limites será cortada. Há vértices fora nestas direções: além do Far; Veja quais vértices na tabela.
B13: =IF(Matrizes!$C$107<>"OK","Aguardando dados.",IF(MIN(Matrizes!G104:I104)>0,"Pontos normalizados após dividir por W. Compare cada valor com o limite indicado na linha.","Atenção: há W ≤ 0. A divisão por W não basta para decidir a visibilidade; o teste usa os planos de recorte.")) -> Pontos normalizados após dividir por W. Compare cada valor com o limite indicado na linha.
B14: Limite | C14: Condição | D14: A | E14: B | F14: C | G14: Fora (nº) | H14: Consequência
B15: Esquerdo | C15: X/W ≥ −1 | D15: =IF(Matrizes!$C$107<>"OK","—",Calculadora!G27) -> -0.078509226 | E15: =IF(Matrizes!$C$107<>"OK","—",Calculadora!H27) -> 0.15582392 | F15: =IF(Matrizes!$C$107<>"OK","—",Calculadora!I27) -> 0.02585892 | G15: =IF(Matrizes!$C$107<>"OK","—",IF(Matrizes!C116<-0.000000001,1,0)+IF(Matrizes!D116<-0.000000001,1,0)+IF(Matrizes!E116<-0.000000001,1,0)) -> 0 | H15: =IF(Matrizes!$C$107<>"OK","Aguardando dados",IF(G15=3,"Elimina o triângulo inteiro",IF(G15>0,"Exige recorte","Não corta o triângulo"))) -> Não corta o triângulo
B16: Direito | C16: X/W ≤ 1 | D16: =IF(Matrizes!$C$107<>"OK","—",Calculadora!G27) -> -0.078509226 | E16: =IF(Matrizes!$C$107<>"OK","—",Calculadora!H27) -> 0.15582392 | F16: =IF(Matrizes!$C$107<>"OK","—",Calculadora!I27) -> 0.02585892 | G16: =IF(Matrizes!$C$107<>"OK","—",IF(Matrizes!C117<-0.000000001,1,0)+IF(Matrizes!D117<-0.000000001,1,0)+IF(Matrizes!E117<-0.000000001,1,0)) -> 0 | H16: =IF(Matrizes!$C$107<>"OK","Aguardando dados",IF(G16=3,"Elimina o triângulo inteiro",IF(G16>0,"Exige recorte","Não corta o triângulo"))) -> Não corta o triângulo
B17: Inferior | C17: Y/W ≥ −1 | D17: =IF(Matrizes!$C$107<>"OK","—",Calculadora!G28) -> -0.32311658 | E17: =IF(Matrizes!$C$107<>"OK","—",Calculadora!H28) -> 0.74493147 | F17: =IF(Matrizes!$C$107<>"OK","—",Calculadora!I28) -> 0.065122949 | G17: =IF(Matrizes!$C$107<>"OK","—",IF(Matrizes!C118<-0.000000001,1,0)+IF(Matrizes!D118<-0.000000001,1,0)+IF(Matrizes!E118<-0.000000001,1,0)) -> 0 | H17: =IF(Matrizes!$C$107<>"OK","Aguardando dados",IF(G17=3,"Elimina o triângulo inteiro",IF(G17>0,"Exige recorte","Não corta o triângulo"))) -> Não corta o triângulo
B18: Superior | C18: Y/W ≤ 1 | D18: =IF(Matrizes!$C$107<>"OK","—",Calculadora!G28) -> -0.32311658 | E18: =IF(Matrizes!$C$107<>"OK","—",Calculadora!H28) -> 0.74493147 | F18: =IF(Matrizes!$C$107<>"OK","—",Calculadora!I28) -> 0.065122949 | G18: =IF(Matrizes!$C$107<>"OK","—",IF(Matrizes!C119<-0.000000001,1,0)+IF(Matrizes!D119<-0.000000001,1,0)+IF(Matrizes!E119<-0.000000001,1,0)) -> 0 | H18: =IF(Matrizes!$C$107<>"OK","Aguardando dados",IF(G18=3,"Elimina o triângulo inteiro",IF(G18>0,"Exige recorte","Não corta o triângulo"))) -> Não corta o triângulo
B19: Near | C19: Z/W ≥ −1 | D19: =IF(Matrizes!$C$107<>"OK","—",Calculadora!G29) -> 1.0297561 | E19: =IF(Matrizes!$C$107<>"OK","—",Calculadora!H29) -> 0.93272441 | F19: =IF(Matrizes!$C$107<>"OK","—",Calculadora!I29) -> 1.0232969 | G19: =IF(Matrizes!$C$107<>"OK","—",IF(Matrizes!C120<-0.000000001,1,0)+IF(Matrizes!D120<-0.000000001,1,0)+IF(Matrizes!E120<-0.000000001,1,0)) -> 0 | H19: =IF(Matrizes!$C$107<>"OK","Aguardando dados",IF(G19=3,"Elimina o triângulo inteiro",IF(G19>0,"Exige recorte","Não corta o triângulo"))) -> Não corta o triângulo
B20: Far | C20: Z/W ≤ 1 | D20: =IF(Matrizes!$C$107<>"OK","—",Calculadora!G29) -> 1.0297561 | E20: =IF(Matrizes!$C$107<>"OK","—",Calculadora!H29) -> 0.93272441 | F20: =IF(Matrizes!$C$107<>"OK","—",Calculadora!I29) -> 1.0232969 | G20: =IF(Matrizes!$C$107<>"OK","—",IF(Matrizes!C121<-0.000000001,1,0)+IF(Matrizes!D121<-0.000000001,1,0)+IF(Matrizes!E121<-0.000000001,1,0)) -> 2 | H20: =IF(Matrizes!$C$107<>"OK","Aguardando dados",IF(G20=3,"Elimina o triângulo inteiro",IF(G20>0,"Exige recorte","Não corta o triângulo"))) -> Exige recorte
B21: W normalizado | C21: W/W = 1 | D21: =IF(Matrizes!$C$107<>"OK","—",Calculadora!G30) -> 1 | E21: =IF(Matrizes!$C$107<>"OK","—",Calculadora!H30) -> 1 | F21: =IF(Matrizes!$C$107<>"OK","—",Calculadora!I30) -> 1 | G21: — | H21: Resultado da divisão
B22: X aparece duas vezes para testar esquerda e direita; Y, para baixo e cima; Z, para Near e Far. Vermelho destaca valores normalizados fora do intervalo da linha. Os valores são os mesmos da resposta na calculadora.
B25: Explicação completa de X, Y, Z e W
B26: =IF(Matrizes!$C$107<>"OK","Aguardando dados.",IF(MIN(Matrizes!G104:I104)<=0,"X: há vértices com W ≤ 0. Os valores após dividir por W não podem ser comparados isoladamente com −1 e 1 para decidir a visibilidade. Use o resultado do recorte acima.","X normalizado: "&"A = "&ROUND(D15,6)&IF(Matrizes!C116<-0.000000001," (à esquerda, fora)",IF(Matrizes!C117<-0.000000001," (à direita, fora)",IF(OR(ABS(Matrizes!C116)<=0.000000001,ABS(Matrizes!C117)<=0.000000001)," (na borda, permitido)"," (dentro)")))&"; "&"B = "&ROUND(E15,6)&IF(Matrizes!D116<-0.000000001," (à esquerda, fora)",IF(Matrizes!D117<-0.000000001," (à direita, fora)",IF(OR(ABS(Matrizes!D116)<=0.000000001,ABS(Matrizes!D117)<=0.000000001)," (na borda, permitido)"," (dentro)")))&"; "&"C = "&ROUND(F15,6)&IF(Matrizes!E116<-0.000000001," (à esquerda, fora)",IF(Matrizes!E117<-0.000000001," (à direita, fora)",IF(OR(ABS(Matrizes!E116)<=0.000000001,ABS(Matrizes!E117)<=0.000000001)," (na borda, permitido)"," (dentro)")))&". O intervalo permitido é de −1 a 1, incluindo os extremos.")) -> X normalizado: A = -0.078509 (dentro); B = 0.155824 (dentro); C = 0.025859 (dentro). O intervalo permitido é de −1 a 1, incluindo os extremos.
B29: =IF(Matrizes!$C$107<>"OK","Aguardando dados.",IF(MIN(Matrizes!G104:I104)<=0,"Y: há vértices com W ≤ 0. Os valores após dividir por W não podem ser comparados isoladamente com −1 e 1 para decidir a visibilidade. Use o resultado do recorte acima.","Y normalizado: "&"A = "&ROUND(D17,6)&IF(Matrizes!C118<-0.000000001," (abaixo, fora)",IF(Matrizes!C119<-0.000000001," (acima, fora)",IF(OR(ABS(Matrizes!C118)<=0.000000001,ABS(Matrizes!C119)<=0.000000001)," (na borda, permitido)"," (dentro)")))&"; "&"B = "&ROUND(E17,6)&IF(Matrizes!D118<-0.000000001," (abaixo, fora)",IF(Matrizes!D119<-0.000000001," (acima, fora)",IF(OR(ABS(Matrizes!D118)<=0.000000001,ABS(Matrizes!D119)<=0.000000001)," (na borda, permitido)"," (dentro)")))&"; "&"C = "&ROUND(F17,6)&IF(Matrizes!E118<-0.000000001," (abaixo, fora)",IF(Matrizes!E119<-0.000000001," (acima, fora)",IF(OR(ABS(Matrizes!E118)<=0.000000001,ABS(Matrizes!E119)<=0.000000001)," (na borda, permitido)"," (dentro)")))&". O intervalo permitido é de −1 a 1, incluindo os extremos.")) -> Y normalizado: A = -0.323117 (dentro); B = 0.744931 (dentro); C = 0.065123 (dentro). O intervalo permitido é de −1 a 1, incluindo os extremos.
B32: =IF(Matrizes!$C$107<>"OK","Aguardando dados.",IF(MIN(Matrizes!G104:I104)<=0,"Z: há vértices com W ≤ 0. Os valores após dividir por W não podem ser comparados isoladamente com −1 e 1 para decidir a visibilidade. Use o resultado do recorte acima.","Z normalizado: "&"A = "&ROUND(D19,6)&IF(Matrizes!C120<-0.000000001," (antes do Near, fora)",IF(Matrizes!C121<-0.000000001," (além do Far, fora)",IF(OR(ABS(Matrizes!C120)<=0.000000001,ABS(Matrizes!C121)<=0.000000001)," (na borda, permitido)"," (dentro)")))&"; "&"B = "&ROUND(E19,6)&IF(Matrizes!D120<-0.000000001," (antes do Near, fora)",IF(Matrizes!D121<-0.000000001," (além do Far, fora)",IF(OR(ABS(Matrizes!D120)<=0.000000001,ABS(Matrizes!D121)<=0.000000001)," (na borda, permitido)"," (dentro)")))&"; "&"C = "&ROUND(F19,6)&IF(Matrizes!E120<-0.000000001," (antes do Near, fora)",IF(Matrizes!E121<-0.000000001," (além do Far, fora)",IF(OR(ABS(Matrizes!E120)<=0.000000001,ABS(Matrizes!E121)<=0.000000001)," (na borda, permitido)"," (dentro)")))&". O intervalo permitido é de −1 a 1, incluindo os extremos.")) -> Z normalizado: A = 1.029756 (além do Far, fora); B = 0.932724 (dentro); C = 1.023297 (além do Far, fora). O intervalo permitido é de −1 a 1, incluindo os extremos.
B35: =IF(Matrizes!$C$107<>"OK","Aguardando dados.","W normalizado: "&"A = "&IF(ISNUMBER(D21),D21,"não definido")&"; "&"B = "&IF(ISNUMBER(E21),E21,"não definido")&"; "&"C = "&IF(ISNUMBER(F21),F21,"não definido")&". Quando a divisão é possível, W/W = 1. Esse 1 é a coordenada homogênea da resposta; não é um limite de visibilidade. É necessário conferir X, Y e Z e o W antes da divisão. Se o W original for zero, não é possível normalizar aquele vértice.") -> W normalizado: A = 1; B = 1; C = 1. Quando a divisão é possível, W/W = 1. Esse 1 é a coordenada homogênea da resposta; não é um limite de visibilidade. É necessário conferir X, Y e Z e o W antes da divisão. Se o W original for zero, não é possível normalizar aquele vértice.
B40: Um ponto só está dentro quando X, Y e Z respeitam seus limites ao mesmo tempo. Na borda também é permitido. A classificação considera o triângulo inteiro, inclusive arestas e interior. Oclusão por outro objeto e descarte de faces não são calculados. Tolerância no recorte: 10⁻⁹.
